<?xml version="1.0" encoding="utf-8"?>
<!DOCTYPE hibernate-configuration SYSTEM 
"http://www.hibernate.org/dtd/hibernate-configuration-3.0.dtd">

<hibernate-configuration>
   <session-factory>
   <property name="hibernat.hbm2ddl.auto">
   update
   </property>
      <property name="hibernate.dialect">
      org.hibernate.dialect.MySQLDialect
   </property>
   <property name="hibernate.connection.driver_class">
      oracle.jdbc.driver.OracleDriver
   </property>

   <!-- Assume test is the database name -->
   <property name="hibernate.connection.url">
      jdbc:oracle:thin://localhost:1521:XE
   </property>
   <property name="hibernate.connection.username">
      system
   </property>
   <property name="hibernate.connection.password">
      Ushapawan1234
   </property>

   <!-- List of XML mapping files -->
   <mapping resource="eval.hbm.xml"/>
   <!--  mapping class="com.demo.model.eval"/-->

</session-factory>
</hibernate-configuration>